users.devtodev_ID,payments.Date,payments.devtodev_ID,payments.Amount_in_USD
115243,1.59841E+12,115243,34.99
115417,1.59845E+12,115417,1.99
115430,1.59846E+12,115430,3.99
115430,1.59846E+12,115430,3.99
70582,1.59707E+12,70582,5.0764537
70582,1.59708E+12,70582,5.0764537
70582,1.59708E+12,70582,5.0764537
95256,1.59758E+12,95256,2.4733493
70333,1.59764E+12,70333,19.99
70333,1.59764E+12,70333,17.99
70333,1.59765E+12,70333,17.99
95256,1.59767E+12,95256,5.0906506
105110,1.59779E+12,105110,17.99
95256,1.59779E+12,95256,5.107373
105295,1.59786E+12,105295,5.107373
105475,1.59792E+12,105475,4.614918
105475,1.59792E+12,105475,4.614918
105626,1.59802E+12,105626,3.99
110063,1.59802E+12,110063,3.99
110063,1.59802E+12,110063,3.99
110063,1.59802E+12,110063,17.99
105626,1.59805E+12,105626,17.99
110243,1.59811E+12,110243,2.118792
110063,1.5982E+12,110063,17.99
110762,1.59823E+12,110762,2.4739158
30256,1.59634E+12,30256,3.99
30256,1.59634E+12,30256,17.99
30457,1.59643E+12,30457,19.99
30457,1.59643E+12,30457,17.99
30397,1.59659E+12,30397,24.851727
30397,1.59659E+12,30397,5.0907435
10002,1.59584E+12,10002,4.9758945
10002,1.59584E+12,10002,4.9758945
10002,1.59584E+12,10002,2.417594
10002,1.59586E+12,10002,4.9758945
15126,1.596E+12,15126,19.99
15126,1.596E+12,15126,3.99
30012,1.59614E+12,30012,5.0512724
30065,1.59617E+12,30065,3.99
115127,1.59839E+12,115127,17.99
115178,1.5984E+12,115178,3.99
115385,1.59845E+12,115385,3.99
115385,1.59845E+12,115385,3.99
80085,1.5972E+12,80085,17.99
75007,1.59724E+12,75007,42.32977
90063,1.59739E+12,90063,19.99
90063,1.59739E+12,90063,17.99
90063,1.59739E+12,90063,17.99
90063,1.59742E+12,90063,17.99
80085,1.59744E+12,80085,3.99
80085,1.59744E+12,80085,17.99
105062,1.59778E+12,105062,19.99
105287,1.59786E+12,105287,18.179502
110034,1.59801E+12,110034,5.146796
110036,1.59801E+12,110036,22.479195
110029,1.59801E+12,110029,5.146796
110029,1.59801E+12,110029,2.5006285
110036,1.59801E+12,110036,112.44889
110036,1.59801E+12,110036,22.479195
110036,1.59825E+12,110036,42.527794
30011,1.59618E+12,30011,19.99
30011,1.59618E+12,30011,3.99
30011,1.59618E+12,30011,3.99
40167,1.59688E+12,40167,17.99
70258,1.59693E+12,70258,34.99
70258,1.59706E+12,70258,3.99
30011,1.59708E+12,30011,3.99
30011,1.59708E+12,30011,3.99
30011,1.59708E+12,30011,3.99
30011,1.59708E+12,30011,3.99
30011,1.59708E+12,30011,3.99
80087,1.5972E+12,80087,3.99
95357,1.59763E+12,95357,3.99
105205,1.59782E+12,105205,3.99
105205,1.59782E+12,105205,3.99
105205,1.59784E+12,105205,17.99
105347,1.59788E+12,105347,5.107373
105586,1.59797E+12,105586,3.99
110169,1.59808E+12,110169,3.99
110169,1.59808E+12,110169,3.99
110169,1.59808E+12,110169,3.99
110169,1.59808E+12,110169,3.99
105107,1.59815E+12,105107,3.99
105107,1.59816E+12,105107,3.99
105107,1.59825E+12,105107,3.99
111023,1.5983E+12,111023,5.0918164
15107,1.59629E+12,15107,22.310846
35117,1.5965E+12,35117,17.99
35117,1.59654E+12,35117,3.99
35117,1.59654E+12,35117,3.99
35117,1.59655E+12,35117,3.99
35117,1.59656E+12,35117,3.99
35117,1.59656E+12,35117,3.99
35117,1.59656E+12,35117,17.99
35117,1.59658E+12,35117,3.99
35117,1.59659E+12,35117,3.99
50001,1.59666E+12,50001,3.99
40167,1.59679E+12,40167,17.99
115027,1.59841E+12,115027,17.99
115027,1.59846E+12,115027,3.99
70315,1.59695E+12,70315,3.99
85147,1.59735E+12,85147,35.229538
115027,1.59837E+12,115027,3.99
115027,1.59837E+12,115027,3.99
115027,1.59838E+12,115027,1.99
111007,1.59838E+12,111007,1.99
35026,1.59647E+12,35026,2.4727993
20069,1.59607E+12,20069,19.99
20069,1.59607E+12,20069,3.99
20094,1.59609E+12,20094,17.99
110627,1.59846E+12,110627,3.99
70170,1.59689E+12,70170,5.1021147
70720,1.59712E+12,70720,3.99
70720,1.59712E+12,70720,3.99
70720,1.59712E+12,70720,3.99
70720,1.59712E+12,70720,3.99
70720,1.59712E+12,70720,1.99
70720,1.59712E+12,70720,3.99
70720,1.59712E+12,70720,3.99
80034,1.59717E+12,80034,4.1174607
95057,1.59745E+12,95057,1.99
95057,1.59745E+12,95057,3.99
95057,1.59745E+12,95057,1.99
105174,1.59781E+12,105174,3.99
105174,1.59781E+12,105174,17.99
105324,1.59788E+12,105324,22.307009
105571,1.59803E+12,105571,3.99
105571,1.59803E+12,105571,3.99
110079,1.59803E+12,110079,17.99
110079,1.59803E+12,110079,9.99
110079,1.59807E+12,110079,17.99
110486,1.59817E+12,110486,4.64697
110627,1.5982E+12,110627,19.99
110627,1.5982E+12,110627,3.99
110627,1.5983E+12,110627,3.99
110170,1.5983E+12,110170,3.99
110170,1.5983E+12,110170,3.99
111056,1.5983E+12,111056,5.0918164
111056,1.5983E+12,111056,5.0918164
111056,1.59831E+12,111056,22.239063
111056,1.59831E+12,111056,11.767462
111056,1.59831E+12,111056,22.239063
20069,1.59627E+12,20069,17.99
20069,1.59627E+12,20069,3.99
30127,1.59628E+12,30127,4.6754823
35071,1.59652E+12,35071,22.229025
40163,1.5966E+12,40163,3.99
40163,1.59677E+12,40163,3.99
50134,1.5968E+12,50134,5.104739
50134,1.5968E+12,50134,2.4801946
50134,1.5968E+12,50134,5.104739
115197,1.59844E+12,115197,3.99
115197,1.59844E+12,115197,1.99
35012,1.59723E+12,35012,4.6202197
85104,1.5973E+12,85104,1.99
85164,1.59734E+12,85164,3.99
85164,1.59735E+12,85164,3.99
85164,1.59736E+12,85164,3.99
95230,1.59755E+12,95230,19.99
95515,1.59772E+12,95515,3.99
105005,1.59776E+12,105005,2.4814742
105005,1.59776E+12,105005,5.107373
105005,1.59776E+12,105005,5.107373
105005,1.59778E+12,105005,5.107373
105204,1.59782E+12,105204,17.99
115052,1.59838E+12,115052,3.99
35012,1.59646E+12,35012,4.6301317
35012,1.59646E+12,35012,4.6301317
35012,1.59646E+12,35012,4.6301317
35012,1.59646E+12,35012,4.6301317
35012,1.59646E+12,35012,4.6301317
35012,1.59646E+12,35012,4.6301317
35012,1.59646E+12,35012,2.2758274
35012,1.59646E+12,35012,4.6301317
35012,1.59646E+12,35012,4.6301317
35012,1.59646E+12,35012,4.6301317
35012,1.5967E+12,35012,4.666181
35012,1.5967E+12,35012,4.666181
35012,1.5967E+12,35012,4.666181
35012,1.5967E+12,35012,2.2935467
35012,1.5967E+12,35012,4.666181
35012,1.5967E+12,35012,4.666181
35012,1.5967E+12,35012,4.666181
40176,1.59684E+12,40176,3.99
70128,1.59686E+12,70128,4.682445
110124,1.59839E+12,110124,17.99
65183,1.59694E+12,65183,17.99
70447,1.59701E+12,70447,3.99
70432,1.59721E+12,70432,3.99
85018,1.59724E+12,85018,19.99
85018,1.59725E+12,85018,3.99
85018,1.59727E+12,85018,3.99
70432,1.59737E+12,70432,3.99
70432,1.59737E+12,70432,17.99
70432,1.59746E+12,70432,17.99
95273,1.59759E+12,95273,3.99
95273,1.59759E+12,95273,17.99
95273,1.59759E+12,95273,1.99
95273,1.59759E+12,95273,34.99
105118,1.59782E+12,105118,3.99
105118,1.59783E+12,105118,3.99
105118,1.59783E+12,105118,3.99
70432,1.59789E+12,70432,3.99
70432,1.59789E+12,70432,17.99
95318,1.59796E+12,95318,4.698564
105559,1.59799E+12,105559,2.474972
105559,1.59799E+12,105559,2.474972
105559,1.59799E+12,105559,2.474972
105559,1.59799E+12,105559,2.474972
105559,1.598E+12,105559,2.474972
105559,1.598E+12,105559,2.474972
105559,1.598E+12,105559,2.474972
105559,1.598E+12,105559,2.474972
105559,1.598E+12,105559,2.474972
105559,1.598E+12,105559,2.5006285
105559,1.59801E+12,105559,5.146796
105559,1.59801E+12,105559,2.5006285
105559,1.59802E+12,105559,2.5006285
105559,1.59802E+12,105559,2.5006285
105559,1.59802E+12,105559,2.5006285
105559,1.59802E+12,105559,2.5006285
105559,1.59802E+12,105559,2.5006285
110813,1.59824E+12,110813,3.99
110813,1.59825E+12,110813,17.99
110124,1.5983E+12,110124,3.99
30264,1.59634E+12,30264,17.99
30264,1.59634E+12,30264,1.99
30264,1.59634E+12,30264,17.99
30264,1.59635E+12,30264,17.99
30264,1.59639E+12,30264,3.99
30264,1.5964E+12,30264,3.99
45047,1.59666E+12,45047,3.99
45047,1.59666E+12,45047,3.99
45047,1.59666E+12,45047,1.99
45047,1.59667E+12,45047,3.99
45047,1.59667E+12,45047,3.99
45047,1.59668E+12,45047,3.99
45047,1.59675E+12,45047,3.99
45047,1.59675E+12,45047,3.99
45047,1.59675E+12,45047,1.99
45047,1.59675E+12,45047,3.99
30093,1.59675E+12,30093,3.99
45047,1.59676E+12,45047,3.99
65183,1.59681E+12,65183,3.99
65183,1.59681E+12,65183,3.99
65183,1.59681E+12,65183,3.99
70379,1.59699E+12,70379,3.99
70379,1.59699E+12,70379,3.99
70379,1.59703E+12,70379,3.99
70593,1.59708E+12,70593,3.99
65057,1.59708E+12,65057,17.99
65086,1.59737E+12,65086,3.99
65086,1.59737E+12,65086,3.99
95137,1.59753E+12,95137,17.99
95427,1.59768E+12,95427,17.99
95427,1.59768E+12,95427,35.99
95427,1.59769E+12,95427,34.99
95427,1.59772E+12,95427,34.99
95561,1.59774E+12,95561,20.131954
95561,1.59774E+12,95561,2.2944243
95561,1.59774E+12,95561,4.6679664
105066,1.59778E+12,105066,3.99
105066,1.59778E+12,105066,1.99
105066,1.59778E+12,105066,1.99
95476,1.59779E+12,95476,34.99
95476,1.59779E+12,95476,9.99
105066,1.59793E+12,105066,3.99
105066,1.59793E+12,105066,3.99
105066,1.59793E+12,105066,3.99
105066,1.59795E+12,105066,3.99
105066,1.59795E+12,105066,3.99
105317,1.59798E+12,105317,3.99
105317,1.59798E+12,105317,17.99
110151,1.59807E+12,110151,3.99
110151,1.59807E+12,110151,1.99
110151,1.59807E+12,110151,3.99
110151,1.59807E+12,110151,1.99
111024,1.59836E+12,111024,3.99
30148,1.59626E+12,30148,17.99
30148,1.59634E+12,30148,17.99
65057,1.59675E+12,65057,3.99
65057,1.59675E+12,65057,17.99
65057,1.59676E+12,65057,3.99
65057,1.59682E+12,65057,17.99
65057,1.59685E+12,65057,3.99
115159,1.59839E+12,115159,3.99
70518,1.59704E+12,70518,3.99
95481,1.5977E+12,95481,3.99
95481,1.5977E+12,95481,3.99
70409,1.59804E+12,70409,3.99
110346,1.59813E+12,110346,19.99
110346,1.59813E+12,110346,17.99
110346,1.59813E+12,110346,17.99
35007,1.59645E+12,35007,5.089518
35007,1.59645E+12,35007,5.089518
35007,1.59645E+12,35007,2.4727993
35007,1.59645E+12,35007,5.089518
35007,1.59645E+12,35007,2.4727993
35007,1.59645E+12,35007,22.229025
35007,1.59648E+12,35007,2.4727993
35122,1.59649E+12,35122,20.136126
35122,1.59649E+12,35122,4.0958624
30054,1.59616E+12,30054,19.99
105565,1.59797E+12,105565,3.99
105565,1.59797E+12,105565,1.99
105565,1.59812E+12,105565,1.99
110314,1.59812E+12,110314,17.99
110314,1.59813E+12,110314,17.99
110454,1.59815E+12,110454,17.99
110314,1.59816E+12,110314,17.99
110314,1.59816E+12,110314,17.99
110314,1.59819E+12,110314,9.99
110454,1.5982E+12,110454,17.99
110430,1.59822E+12,110430,3.99
110314,1.59822E+12,110314,17.99
110430,1.59823E+12,110430,3.99
110430,1.59823E+12,110430,3.99
65162,1.59679E+12,65162,19.99
65162,1.59679E+12,65162,3.99
115348,1.59843E+12,115348,5.096513
50048,1.5967E+12,50048,1.99
50048,1.5967E+12,50048,1.99
50048,1.5967E+12,50048,1.99
50048,1.5967E+12,50048,1.99
50048,1.5967E+12,50048,3.99
50048,1.5967E+12,50048,1.99
50048,1.5967E+12,50048,3.99
50048,1.59672E+12,50048,1.99
70651,1.5971E+12,70651,5.0764537
105030,1.59777E+12,105030,20.452888
105365,1.59797E+12,105365,3.99
110140,1.59806E+12,110140,3.99
110140,1.59806E+12,110140,3.99
110130,1.59806E+12,110130,19.99
110219,1.5981E+12,110219,3.99
110219,1.59811E+12,110219,1.99
110428,1.59814E+12,110428,5.146796
110219,1.59821E+12,110219,3.99
115328,1.59843E+12,115328,22.259577
70218,1.59691E+12,70218,3.99
80111,1.59721E+12,80111,3.99
95005,1.59742E+12,95005,3.99
95574,1.59774E+12,95574,2.47672
105355,1.59788E+12,105355,17.99
110005,1.59801E+12,110005,20.15843
110005,1.59809E+12,110005,20.15843
110614,1.59823E+12,110614,1.99
110614,1.59823E+12,110614,3.99
110614,1.59825E+12,110614,3.99
110614,1.59828E+12,110614,3.99
115089,1.59838E+12,115089,34.99
115089,1.59839E+12,115089,9.99
115478,1.59846E+12,115478,3.99
115478,1.59847E+12,115478,3.99
70649,1.5971E+12,70649,3.99
80128,1.59723E+12,80128,3.99
85099,1.59754E+12,85099,3.99
95464,1.5977E+12,95464,3.99
105052,1.59777E+12,105052,17.99
105191,1.59782E+12,105191,3.99
105191,1.59782E+12,105191,3.99
105191,1.59782E+12,105191,1.99
105191,1.59782E+12,105191,3.99
105191,1.59782E+12,105191,3.99
105191,1.59783E+12,105191,3.99
105380,1.59802E+12,105380,19.99
105380,1.59822E+12,105380,3.99
110991,1.59829E+12,110991,3.99
111053,1.59832E+12,111053,3.99
111053,1.59832E+12,111053,3.99
111160,1.59832E+12,111160,3.99
35113,1.59649E+12,35113,3.99
35113,1.59649E+12,35113,3.99
35113,1.59649E+12,35113,3.99
35113,1.5965E+12,35113,3.99
35113,1.5965E+12,35113,3.99
35113,1.5965E+12,35113,3.99
35113,1.5965E+12,35113,3.99
35113,1.59651E+12,35113,3.99
35113,1.59651E+12,35113,3.99
40051,1.59657E+12,40051,42.518833
40051,1.59657E+12,40051,2.4733946
40051,1.5966E+12,40051,42.518833
40051,1.5966E+12,40051,2.4733946
40209,1.59676E+12,40209,5.104739
30095,1.5962E+12,30095,3.99
30095,1.5962E+12,30095,3.99
105098,1.59842E+12,105098,17.99
110897,1.59844E+12,110897,5.096513
70171,1.59689E+12,70171,3.99
70174,1.59696E+12,70174,20.03146
70342,1.59697E+12,70342,4.101545
70342,1.59697E+12,70342,4.101545
65039,1.5971E+12,65039,3.99
70174,1.5971E+12,70174,20.035246
85048,1.59726E+12,85048,3.99
85073,1.59728E+12,85073,5.068107
85073,1.59728E+12,85073,5.068107
85073,1.59728E+12,85073,2.4623964
85073,1.59728E+12,85073,2.4623964
85073,1.59728E+12,85073,5.068107
85073,1.59728E+12,85073,5.068107
85073,1.59728E+12,85073,2.4623964
95083,1.59747E+12,95083,3.99
95083,1.59747E+12,95083,17.99
95083,1.59755E+12,95083,17.99
95083,1.59769E+12,95083,17.99
105098,1.59789E+12,105098,3.99
105585,1.59801E+12,105585,2.5006285
110050,1.59802E+12,110050,3.99
110055,1.59802E+12,110055,17.99
110149,1.59806E+12,110149,17.99
110782,1.59824E+12,110782,10.73314
110782,1.59825E+12,110782,4.64697
110897,1.59828E+12,110897,5.0918164
95480,1.59831E+12,95480,3.99
95480,1.59832E+12,95480,1.99
35103,1.59651E+12,35103,3.99
35103,1.59653E+12,35103,3.99
40128,1.59659E+12,40128,5.0907435
65039,1.59674E+12,65039,3.99
15046,1.59596E+12,15046,3.99
15046,1.59596E+12,15046,3.99
15046,1.59596E+12,15046,3.99
15046,1.59596E+12,15046,3.99
15046,1.59596E+12,15046,3.99
15046,1.59597E+12,15046,1.99
15046,1.59597E+12,15046,3.99
15046,1.59597E+12,15046,3.99
30072,1.5962E+12,30072,3.99
30072,1.5962E+12,30072,3.99
30072,1.5962E+12,30072,1.99
110774,1.5984E+12,110774,3.99
30435,1.59642E+12,30435,1.99
65097,1.59677E+12,65097,3.99
65097,1.59677E+12,65097,3.99
70268,1.59693E+12,70268,5.1021147
65097,1.5973E+12,65097,3.99
105070,1.59778E+12,105070,17.99
105070,1.59781E+12,105070,17.99
105070,1.59783E+12,105070,17.99
105070,1.59784E+12,105070,17.99
95513,1.5979E+12,95513,3.99
95513,1.59791E+12,95513,1.99
95513,1.59791E+12,95513,3.99
110594,1.59819E+12,110594,19.99
110594,1.59819E+12,110594,34.99
110594,1.59819E+12,110594,17.99
110597,1.5982E+12,110597,3.99
110634,1.5982E+12,110634,3.99
110634,1.59821E+12,110634,3.99
110634,1.59821E+12,110634,3.99
80120,1.59821E+12,80120,5.0918164
80120,1.59821E+12,80120,22.239063
80120,1.59829E+12,80120,22.239063
80120,1.5983E+12,80120,5.0918164
80120,1.59837E+12,80120,22.259577
110932,1.5984E+12,110932,3.99
115292,1.59842E+12,115292,2.344127
50012,1.59735E+12,50012,5.0815334
90069,1.5974E+12,90069,3.99
90069,1.5974E+12,90069,3.99
90069,1.5974E+12,90069,3.99
95356,1.59763E+12,95356,22.23397
95364,1.59763E+12,95364,19.99
95364,1.59763E+12,95364,3.99
95356,1.59767E+12,95356,22.23397
95356,1.59771E+12,95356,5.0906506
105041,1.59789E+12,105041,3.99
105469,1.59792E+12,105469,3.99
90069,1.59822E+12,90069,17.99
110932,1.59829E+12,110932,17.99
111097,1.59831E+12,111097,5.0918164
111097,1.59831E+12,111097,5.0918164
20086,1.59609E+12,20086,3.99
115274,1.59842E+12,115274,22.847076
115274,1.59842E+12,115274,20.235235
85027,1.59845E+12,85027,3.99
70570,1.59707E+12,70570,3.99
80022,1.59717E+12,80022,22.233185
80022,1.59717E+12,80022,2.4732618
80022,1.59717E+12,80022,42.516552
85027,1.59725E+12,85027,3.99
85116,1.5973E+12,85116,22.06173
85116,1.5973E+12,85116,4.6202197
85116,1.5973E+12,85116,19.926033
85116,1.5973E+12,85116,19.926033
85027,1.59742E+12,85027,3.99
95155,1.59751E+12,95155,4.150287
85027,1.59763E+12,85027,3.99
15084,1.59772E+12,15084,5.097588
95577,1.59775E+12,95577,19.99
105192,1.59787E+12,105192,3.99
105651,1.598E+12,105651,5.146796
105651,1.598E+12,105651,5.146796
105651,1.59801E+12,105651,22.479195
105651,1.59802E+12,105651,22.479195
105486,1.59802E+12,105486,17.99
95155,1.59803E+12,95155,2.118792
95155,1.59803E+12,95155,20.496845
110116,1.59805E+12,110116,3.99
110116,1.59805E+12,110116,3.99
110116,1.59805E+12,110116,3.99
110116,1.59806E+12,110116,3.99
110116,1.59808E+12,110116,3.99
110116,1.59808E+12,110116,3.99
110116,1.59808E+12,110116,3.99
110227,1.59811E+12,110227,5.146796
110227,1.59811E+12,110227,5.146796
110227,1.59811E+12,110227,5.146796
110227,1.59811E+12,110227,5.146796
110345,1.59812E+12,110345,17.99
110227,1.59814E+12,110227,5.146796
110227,1.59814E+12,110227,5.146796
110227,1.59814E+12,110227,5.146796
110227,1.59814E+12,110227,5.146796
110227,1.59814E+12,110227,5.146796
110116,1.59817E+12,110116,3.99
110116,1.59817E+12,110116,3.99
110116,1.59817E+12,110116,3.99
110227,1.59818E+12,110227,5.0918164
110227,1.59819E+12,110227,5.0918164
110227,1.59819E+12,110227,5.0918164
110227,1.59819E+12,110227,5.0918164
110227,1.59822E+12,110227,5.0918164
110227,1.59822E+12,110227,5.0918164
110503,1.59832E+12,110503,3.99
110503,1.59832E+12,110503,3.99
110116,1.59833E+12,110116,3.99
30430,1.59642E+12,30430,17.99
35191,1.59653E+12,35191,19.99
35191,1.59653E+12,35191,3.99
40017,1.59662E+12,40017,5.0907435
65098,1.59677E+12,65098,4.134472
10012,1.59589E+12,10012,4.645901
10012,1.5959E+12,10012,2.3860922
10012,1.59598E+12,10012,4.6714916
15138,1.596E+12,15138,17.99
110672,1.59839E+12,110672,89.99
105265,1.5984E+12,105265,17.99
105265,1.5984E+12,105265,3.99
105265,1.5984E+12,105265,3.99
105265,1.59846E+12,105265,3.99
105265,1.59846E+12,105265,3.99
70553,1.59706E+12,70553,5.0764537
70553,1.59706E+12,70553,5.0764537
70553,1.5971E+12,70553,5.0764537
70553,1.5971E+12,70553,5.0764537
70553,1.5971E+12,70553,5.0764537
80047,1.59718E+12,80047,3.99
95123,1.5975E+12,95123,5.078647
95123,1.59756E+12,95123,5.0906506
95123,1.59756E+12,95123,5.0906506
95123,1.59756E+12,95123,5.0906506
95123,1.59765E+12,95123,5.0906506
95123,1.59765E+12,95123,5.0906506
105027,1.59777E+12,105027,4.6822658
105158,1.5978E+12,105158,18.179502
105027,1.59785E+12,105027,4.6822658
105265,1.59785E+12,105265,19.99
105265,1.59785E+12,105265,3.99
105027,1.59785E+12,105027,4.6822658
105027,1.59785E+12,105027,4.6822658
110488,1.59816E+12,110488,17.99
110502,1.59816E+12,110502,3.99
110502,1.59816E+12,110502,3.99
110536,1.59818E+12,110536,5.0918164
110536,1.59818E+12,110536,5.0918164
110536,1.59818E+12,110536,5.0918164
110488,1.59819E+12,110488,17.99
110536,1.59821E+12,110536,5.0918164
110536,1.59821E+12,110536,5.0918164
110536,1.59821E+12,110536,2.4739158
110536,1.59822E+12,110536,5.0918164
110536,1.59822E+12,110536,5.0918164
110536,1.59822E+12,110536,22.239063
111163,1.59832E+12,111163,89.99
110488,1.59836E+12,110488,17.99
70027,1.59682E+12,70027,5.1021147
70027,1.59682E+12,70027,5.1021147
20029,1.59605E+12,20029,5.0273986
20029,1.59606E+12,20029,21.957712
20119,1.59622E+12,20119,1.99
20119,1.59622E+12,20119,1.99
30129,1.59623E+12,30129,5.0512724
30129,1.59623E+12,30129,5.0512724
30129,1.59623E+12,30129,5.0512724
30129,1.59623E+12,30129,5.0512724
30129,1.59623E+12,30129,2.4542172
30129,1.59623E+12,30129,5.0512724
30129,1.59623E+12,30129,5.0512724
30129,1.59623E+12,30129,5.0512724
110141,1.59838E+12,110141,17.99
110141,1.59841E+12,110141,3.99
115467,1.59846E+12,115467,90.7283
30129,1.59645E+12,30129,5.089518
30129,1.59645E+12,30129,5.089518
20029,1.59646E+12,20029,22.229025
30129,1.59659E+12,30129,5.0907435
30129,1.59659E+12,30129,2.4733946
30129,1.59659E+12,30129,5.0907435
70106,1.59685E+12,70106,3.99
45025,1.59688E+12,45025,1.99
70517,1.59704E+12,70517,5.0764537
70631,1.59709E+12,70631,5.0764537
70656,1.5971E+12,70656,3.99
10056,1.59716E+12,10056,22.233185
10056,1.59717E+12,10056,2.4732618
85009,1.59724E+12,85009,1.99
20029,1.59724E+12,20029,5.068107
85009,1.59725E+12,85009,3.99
85009,1.59725E+12,85009,1.99
85009,1.59725E+12,85009,1.99
85009,1.59727E+12,85009,1.99
85009,1.59727E+12,85009,3.99
85009,1.59727E+12,85009,3.99
85009,1.59727E+12,85009,1.99
85009,1.59727E+12,85009,3.99
85009,1.59727E+12,85009,1.99
85009,1.59728E+12,85009,1.99
85009,1.59729E+12,85009,3.99
85009,1.59729E+12,85009,1.99
85009,1.59729E+12,85009,1.99
85009,1.59729E+12,85009,3.99
95014,1.59742E+12,95014,22.181547
95014,1.59748E+12,95014,22.181547
95394,1.59766E+12,95394,5.0906506
95394,1.59766E+12,95394,5.0906506
95394,1.59766E+12,95394,5.0906506
95394,1.59766E+12,95394,2.4733493
95394,1.59766E+12,95394,5.0906506
95394,1.59766E+12,95394,5.0906506
105534,1.59796E+12,105534,17.99
105534,1.59796E+12,105534,3.99
110089,1.59803E+12,110089,19.99
105534,1.59806E+12,105534,17.99
110141,1.59806E+12,110141,1.99
110956,1.59835E+12,110956,1.99
110956,1.59835E+12,110956,1.99
110956,1.59835E+12,110956,3.99
110141,1.59837E+12,110141,17.99
10124,1.59608E+12,10124,4.1050687
115283,1.59846E+12,115283,3.99
115426,1.59846E+12,115426,1.99
75023,1.59715E+12,75023,1.99
75023,1.59717E+12,75023,1.99
75023,1.59717E+12,75023,3.99
95486,1.59775E+12,95486,5.107373
95101,1.59783E+12,95101,5.107373
105508,1.59794E+12,105508,3.99
110163,1.59808E+12,110163,1.99
110239,1.59815E+12,110239,3.99
110239,1.59815E+12,110239,3.99
110239,1.59829E+12,110239,17.99
110239,1.59832E+12,110239,3.99
110945,1.59836E+12,110945,3.99
15150,1.59601E+12,15150,100.25029
30092,1.5962E+12,30092,4.659722
30092,1.5962E+12,30092,20.096397
30092,1.5962E+12,30092,10.762593
30092,1.5962E+12,30092,20.096397
30092,1.59621E+12,30092,20.096397
90072,1.59749E+12,90072,22.181547
90072,1.59749E+12,90072,24.792677
90072,1.59751E+12,90072,5.078647
90072,1.59753E+12,90072,22.181547
110347,1.59813E+12,110347,19.99
110347,1.59813E+12,110347,3.99
95225,1.59815E+12,95225,3.99
95225,1.59816E+12,95225,3.99
110513,1.59817E+12,110513,3.99
95225,1.5982E+12,95225,3.99
95225,1.59825E+12,95225,3.99
95225,1.59825E+12,95225,3.99
95225,1.59825E+12,95225,3.99
95225,1.59828E+12,95225,3.99
95225,1.59828E+12,95225,3.99
95225,1.59828E+12,95225,3.99
95225,1.59828E+12,95225,3.99
95225,1.59829E+12,95225,3.99
110967,1.5983E+12,110967,5.0918164
110967,1.5983E+12,110967,5.0918164
35053,1.59647E+12,35053,89.99
35053,1.59647E+12,35053,17.99
35053,1.59648E+12,35053,17.99
35053,1.59648E+12,35053,3.99
45029,1.59666E+12,45029,3.99
50067,1.59668E+12,50067,1.99
115205,1.5984E+12,115205,19.99
115205,1.5984E+12,115205,3.99
115205,1.59841E+12,115205,3.99
115205,1.59841E+12,115205,3.99
115205,1.59841E+12,115205,3.99
115205,1.59842E+12,115205,17.99
115341,1.59843E+12,115341,20.076317
115391,1.59845E+12,115391,4.655066
70596,1.59708E+12,70596,2.0843916
70642,1.5971E+12,70642,5.0764537
95100,1.59748E+12,95100,3.99
105156,1.5978E+12,105156,3.99
110411,1.59814E+12,110411,17.99
110423,1.59814E+12,110423,22.479195
110423,1.59814E+12,110423,22.479195
110423,1.59814E+12,110423,112.44889
110411,1.59815E+12,110411,17.99
110411,1.59815E+12,110411,1.99
110423,1.59819E+12,110423,5.0918164
110423,1.59819E+12,110423,5.0918164
35017,1.59646E+12,35017,3.99
35150,1.5965E+12,35150,4.6301317
50010,1.59666E+12,50010,3.99
50010,1.59666E+12,50010,3.99
50010,1.59666E+12,50010,3.99
20084,1.59609E+12,20084,5.0273986
20084,1.59609E+12,20084,5.0273986
20084,1.59609E+12,20084,5.0273986
20110,1.59611E+12,20110,5.0273986
20110,1.59611E+12,20110,5.0273986
20084,1.59611E+12,20084,5.0273986
115297,1.59842E+12,115297,3.99
20030,1.59733E+12,20030,3.99
90061,1.59748E+12,90061,4.6336355
110384,1.59813E+12,110384,22.479195
110680,1.59821E+12,110680,34.99
110680,1.59822E+12,110680,1.99
20084,1.59636E+12,20084,5.0902042
30342,1.59642E+12,30342,38.542374
40084,1.59658E+12,40084,17.99
80057,1.59719E+12,80057,22.233185
80057,1.59719E+12,80057,42.516552
80057,1.59719E+12,80057,22.233185
80080,1.5972E+12,80080,3.99
80057,1.59722E+12,80057,5.0904703
80057,1.59722E+12,80057,5.0904703
80057,1.59722E+12,80057,2.4732618
85076,1.5977E+12,85076,3.99
105190,1.59782E+12,105190,3.99
110603,1.5982E+12,110603,3.99
111018,1.5983E+12,111018,22.239063
111153,1.59832E+12,111153,19.99
111018,1.59833E+12,111018,22.234407
65102,1.59677E+12,65102,1.99
65102,1.59677E+12,65102,1.99
20020,1.59845E+12,20020,24.87989
20020,1.59845E+12,20020,22.259577
20020,1.59846E+12,20020,22.259577
30330,1.59638E+12,30330,2.4731324
70016,1.59681E+12,70016,1.99
70190,1.5969E+12,70190,4.682445
70190,1.5969E+12,70190,4.682445
70190,1.5969E+12,70190,4.682445
70190,1.5969E+12,70190,20.194397
70190,1.59697E+12,70190,20.03146
70190,1.59697E+12,70190,20.03146
70190,1.59699E+12,70190,20.03146
80028,1.59719E+12,80028,3.99
85145,1.59743E+12,85145,17.99
85145,1.59745E+12,85145,17.99
95325,1.59768E+12,95325,3.99
95541,1.59773E+12,95541,3.99
95541,1.59773E+12,95541,3.99
95541,1.59773E+12,95541,3.99
95541,1.59773E+12,95541,3.99
95541,1.59776E+12,95541,3.99
95541,1.59777E+12,95541,1.99
95541,1.59777E+12,95541,3.99
95541,1.59777E+12,95541,3.99
85145,1.59779E+12,85145,17.99
105088,1.59795E+12,105088,3.99
105088,1.59795E+12,105088,3.99
105088,1.59795E+12,105088,3.99
105088,1.59795E+12,105088,17.99
105088,1.59813E+12,105088,3.99
110476,1.59816E+12,110476,1.99
95541,1.5983E+12,95541,3.99
10065,1.59606E+12,10065,2.442618
115125,1.59839E+12,115125,3.99
115119,1.59839E+12,115119,3.99
115254,1.59841E+12,115254,3.99
115271,1.59842E+12,115271,3.99
115281,1.59842E+12,115281,3.99
115281,1.59842E+12,115281,3.99
70151,1.59688E+12,70151,5.1021147
70151,1.59688E+12,70151,5.1021147
70151,1.59688E+12,70151,2.4789193
70650,1.59736E+12,70650,3.99
105439,1.59791E+12,105439,3.99
105439,1.59791E+12,105439,3.99
105439,1.59791E+12,105439,17.99
105646,1.59799E+12,105646,17.99
30167,1.59627E+12,30167,33.734093
30302,1.59636E+12,30302,17.99
30302,1.59636E+12,30302,17.99
30302,1.59639E+12,30302,17.99
30302,1.59639E+12,30302,17.99
70033,1.59682E+12,70033,3.99
95130,1.5975E+12,95130,89.99
95130,1.5975E+12,95130,17.99
95545,1.59773E+12,95545,1.99
95545,1.59773E+12,95545,3.99
95545,1.59773E+12,95545,3.99
95545,1.59777E+12,95545,3.99
105408,1.5979E+12,105408,3.99
105417,1.5979E+12,105417,3.99
105417,1.5979E+12,105417,17.99
105417,1.59804E+12,105417,17.99
30216,1.59631E+12,30216,17.99
30216,1.59631E+12,30216,3.99
30460,1.59643E+12,30460,19.99
30460,1.59643E+12,30460,17.99
35180,1.59652E+12,35180,3.99
40046,1.59656E+12,40046,3.99
30020,1.59615E+12,30020,3.99
85075,1.59728E+12,85075,17.985882
85075,1.59728E+12,85075,17.985882
85075,1.59728E+12,85075,2.09173
85075,1.59728E+12,85075,17.985882
85075,1.59728E+12,85075,17.985882
85075,1.59731E+12,85075,2.09173
85075,1.59731E+12,85075,17.985882
90003,1.59735E+12,90003,3.99
95066,1.59746E+12,95066,17.99
95066,1.59749E+12,95066,17.99
95066,1.59749E+12,95066,3.99
95066,1.59749E+12,95066,1.99
95066,1.59759E+12,95066,1.99
95066,1.59759E+12,95066,1.99
95066,1.59759E+12,95066,1.99
95066,1.59759E+12,95066,1.99
105301,1.59787E+12,105301,1.99
105301,1.59787E+12,105301,1.99
105301,1.59787E+12,105301,1.99
105301,1.59787E+12,105301,1.99
105301,1.59787E+12,105301,1.99
105326,1.59787E+12,105326,3.99
105326,1.59788E+12,105326,3.99
105326,1.59788E+12,105326,3.99
105326,1.59788E+12,105326,3.99
105326,1.59788E+12,105326,1.99
105326,1.59788E+12,105326,3.99
105326,1.59789E+12,105326,3.99
105326,1.59789E+12,105326,3.99
105326,1.59789E+12,105326,3.99
105326,1.59789E+12,105326,1.99
105326,1.59789E+12,105326,1.99
105326,1.59789E+12,105326,3.99
105326,1.5979E+12,105326,3.99
105326,1.5979E+12,105326,3.99
105326,1.5979E+12,105326,3.99
105326,1.5979E+12,105326,1.99
105326,1.5979E+12,105326,3.99
105326,1.59793E+12,105326,3.99
105544,1.59796E+12,105544,3.99
105326,1.59797E+12,105326,3.99
105326,1.59797E+12,105326,3.99
105301,1.59821E+12,105301,17.99
105301,1.59821E+12,105301,1.99
110581,1.59823E+12,110581,3.99
110581,1.59823E+12,110581,3.99
110674,1.59823E+12,110674,3.99
110581,1.59836E+12,110581,17.99
110581,1.59837E+12,110581,3.99
110581,1.59837E+12,110581,3.99
110581,1.59838E+12,110581,3.99
10129,1.59629E+12,10129,5.1082516
30331,1.59638E+12,30331,17.99
30331,1.59639E+12,30331,89.99
35033,1.59646E+12,35033,19.99
35033,1.59646E+12,35033,1.99
35033,1.59647E+12,35033,3.99
35033,1.59647E+12,35033,3.99
35033,1.59647E+12,35033,1.99
35116,1.59649E+12,35116,24.845743
35033,1.59652E+12,35033,3.99
70006,1.59681E+12,70006,5.1021147
70006,1.59681E+12,70006,5.1021147
70006,1.59681E+12,70006,5.1021147
70006,1.59681E+12,70006,5.1021147
70006,1.59681E+12,70006,5.1021147
70006,1.59682E+12,70006,5.1021147
70006,1.59682E+12,70006,5.1021147
70006,1.59684E+12,70006,5.1021147
20022,1.59604E+12,20022,3.99
20022,1.59604E+12,20022,3.99
30004,1.59614E+12,30004,3.99
30004,1.59614E+12,30004,3.99
30076,1.59618E+12,30076,3.99
30076,1.59618E+12,30076,3.99
30259,1.59634E+12,30259,89.99
30259,1.59634E+12,30259,17.99
30259,1.59634E+12,30259,3.99
65179,1.5968E+12,65179,3.99
70298,1.59695E+12,70298,19.99
70298,1.59695E+12,70298,3.99
70535,1.59705E+12,70535,22.171965
70535,1.59706E+12,70535,22.171965
70535,1.59706E+12,70535,2.4664516
70535,1.59708E+12,70535,22.171965
70535,1.59708E+12,70535,5.0764537
70697,1.59711E+12,70697,17.99
70697,1.59714E+12,70697,1.99
70715,1.5972E+12,70715,3.99
95293,1.59773E+12,95293,3.99
105042,1.59777E+12,105042,19.99
105162,1.59781E+12,105162,3.99
105162,1.59781E+12,105162,3.99
105171,1.59781E+12,105171,17.99
105042,1.59785E+12,105042,3.99
105042,1.59796E+12,105042,3.99
110331,1.59813E+12,110331,3.99
110667,1.59821E+12,110667,17.99
20117,1.59611E+12,20117,3.99
30130,1.59624E+12,30130,3.99
111286,1.59838E+12,111286,22.259577
111286,1.59839E+12,111286,22.259577
115255,1.59841E+12,115255,3.99
30035,1.59691E+12,30035,89.99
50066,1.59691E+12,50066,5.1021147
105036,1.59777E+12,105036,3.99
105020,1.59779E+12,105020,1.99
105020,1.59779E+12,105020,3.99
105602,1.59798E+12,105602,34.99
105602,1.59805E+12,105602,34.99
110211,1.5981E+12,110211,3.99
110211,1.59811E+12,110211,3.99
110849,1.59826E+12,110849,5.0918164
110849,1.59826E+12,110849,5.0918164
110849,1.59826E+12,110849,5.0918164
110758,1.59832E+12,110758,3.99
110849,1.59833E+12,110849,5.09075
110849,1.59833E+12,110849,5.09075
110849,1.59833E+12,110849,5.09075
110849,1.59833E+12,110849,5.09075
110849,1.59833E+12,110849,2.473398
110849,1.59834E+12,110849,5.09075
111286,1.59836E+12,111286,22.234407
111286,1.59836E+12,111286,11.764998
110849,1.59837E+12,110849,5.096513
30035,1.59626E+12,30035,19.99
30035,1.59627E+12,30035,17.99
30035,1.59627E+12,30035,17.99
40060,1.59657E+12,40060,3.99
40060,1.59657E+12,40060,34.99
40060,1.59657E+12,40060,9.99
40138,1.5966E+12,40138,4.100228
40138,1.5966E+12,40138,4.100228
40060,1.59666E+12,40060,17.99
15062,1.59667E+12,15062,2.473647
111303,1.59846E+12,111303,22.259577
111303,1.59846E+12,111303,5.096513
30329,1.59638E+12,30329,2.4731324
30329,1.59638E+12,30329,5.0902042
30329,1.59638E+12,30329,5.0902042
30329,1.59638E+12,30329,5.0902042
30329,1.59638E+12,30329,5.0902042
30329,1.59638E+12,30329,2.4731324
30329,1.59638E+12,30329,2.4731324
30329,1.59638E+12,30329,5.0902042
30329,1.59639E+12,30329,5.0902042
30329,1.59639E+12,30329,5.0902042
30329,1.59639E+12,30329,5.0902042
30351,1.59639E+12,30351,3.99
30329,1.59639E+12,30329,5.0902042
30329,1.59639E+12,30329,5.0902042
30329,1.59639E+12,30329,5.0902042
30329,1.59639E+12,30329,2.4731324
30329,1.59639E+12,30329,5.0902042
30329,1.59639E+12,30329,2.4731324
30329,1.5964E+12,30329,5.0902042
30329,1.5964E+12,30329,2.4731324
30329,1.5964E+12,30329,2.4731324
30329,1.5964E+12,30329,5.0902042
70208,1.5969E+12,70208,1.99
70208,1.59691E+12,70208,17.99
70208,1.59691E+12,70208,1.99
30351,1.59691E+12,30351,3.99
75026,1.59715E+12,75026,5.0904703
75026,1.59715E+12,75026,5.0904703
85034,1.59725E+12,85034,3.99
85034,1.59725E+12,85034,3.99
85094,1.59729E+12,85094,3.99
85094,1.59729E+12,85094,17.99
85094,1.59734E+12,85094,3.99
85094,1.59734E+12,85094,3.99
85094,1.59734E+12,85094,3.99
85094,1.59735E+12,85094,3.99
85094,1.59739E+12,85094,17.99
85094,1.59739E+12,85094,3.99
85094,1.5974E+12,85094,3.99
85094,1.5974E+12,85094,3.99
85094,1.59741E+12,85094,17.99
85034,1.59745E+12,85034,17.99
105213,1.59783E+12,105213,20.193624
105213,1.59791E+12,105213,20.263916
105213,1.59791E+12,105213,2.3094637
105478,1.59797E+12,105478,19.99
105478,1.59797E+12,105478,17.99
105611,1.59798E+12,105611,17.99
105611,1.59799E+12,105611,9.99
105611,1.59799E+12,105611,19.99
105611,1.59799E+12,105611,3.99
105611,1.59799E+12,105611,17.99
105478,1.59804E+12,105478,3.99
105478,1.59805E+12,105478,1.99
105478,1.59805E+12,105478,3.99
110887,1.59827E+12,110887,3.99
110887,1.59827E+12,110887,3.99
111303,1.59836E+12,111303,24.851759
20113,1.59611E+12,20113,4.1050687
90051,1.59738E+12,90051,17.99
105108,1.59779E+12,105108,3.99
105149,1.5978E+12,105149,3.99
105149,1.59781E+12,105149,17.99
110997,1.5983E+12,110997,3.99
111125,1.59832E+12,111125,5.0918164
30275,1.59634E+12,30275,19.981497
35149,1.5965E+12,35149,19.99
35149,1.5965E+12,35149,17.99
35149,1.59651E+12,35149,34.99
35149,1.59651E+12,35149,17.99
20065,1.59607E+12,20065,1.99
30145,1.59625E+12,30145,89.99
30146,1.59625E+12,30146,17.99
30145,1.59625E+12,30145,17.99
30146,1.59625E+12,30146,1.99
30135,1.59628E+12,30135,3.99
30135,1.59628E+12,30135,17.99
30135,1.59628E+12,30135,1.99
30135,1.59628E+12,30135,17.99
30135,1.59629E+12,30135,3.99
30135,1.5963E+12,30135,3.99
30164,1.59635E+12,30164,17.99
30164,1.59635E+12,30164,1.99
30164,1.59635E+12,30164,17.99
30164,1.59638E+12,30164,34.99
30164,1.59638E+12,30164,1.99
30424,1.59642E+12,30424,4.093517
50047,1.59667E+12,50047,3.99
75018,1.59715E+12,75018,3.99
75024,1.59715E+12,75024,34.99
75024,1.59716E+12,75024,9.99
75024,1.59716E+12,75024,34.99
105129,1.59779E+12,105129,19.99
110656,1.59821E+12,110656,3.99
110656,1.59821E+12,110656,3.99
110687,1.59835E+12,110687,4.167429
95154,1.59751E+12,95154,19.99
95154,1.59751E+12,95154,17.99
95154,1.59752E+12,95154,3.99
95154,1.59752E+12,95154,3.99
105328,1.59788E+12,105328,5.107373
105394,1.59789E+12,105394,4.614918
105394,1.59789E+12,105394,4.614918
105328,1.59792E+12,105328,5.1514993
105328,1.59792E+12,105328,5.1514993
105328,1.59794E+12,105328,5.1514993
105328,1.59794E+12,105328,5.1514993
111117,1.59836E+12,111117,4.6512194
111117,1.59836E+12,111117,4.6512194
111060,1.59837E+12,111060,2.4761977
30404,1.59641E+12,30404,3.99
30404,1.59641E+12,30404,3.99
35123,1.59649E+12,35123,3.99
35123,1.59652E+12,35123,17.99
35123,1.59656E+12,35123,17.99
35123,1.5966E+12,35123,34.99
70090,1.59684E+12,70090,3.99
15108,1.59599E+12,15108,4.647649
115246,1.59841E+12,115246,17.99
85106,1.59729E+12,85106,4.115985
85106,1.59737E+12,85106,4.1473556
85106,1.59737E+12,85106,18.122963
95156,1.59751E+12,95156,3.99
95359,1.59763E+12,95359,3.99
95096,1.5977E+12,95096,20.075266
95096,1.5977E+12,95096,20.075266
95096,1.5977E+12,95096,2.2879636
95096,1.59771E+12,95096,38.723248
95096,1.59771E+12,95096,2.2879636
105011,1.59776E+12,105011,5.107373
105011,1.59776E+12,105011,5.107373
105007,1.59776E+12,105007,4.6822658
105011,1.59778E+12,105011,22.307009
105011,1.59778E+12,105011,2.4814742
105011,1.59778E+12,105011,5.107373
105218,1.59783E+12,105218,5.107373
105218,1.59783E+12,105218,5.107373
105218,1.59783E+12,105218,22.307009
105218,1.59788E+12,105218,5.107373
110258,1.59811E+12,110258,19.99
110258,1.59811E+12,110258,3.99
110778,1.59824E+12,110778,3.99
110778,1.59824E+12,110778,3.99
105218,1.59828E+12,105218,5.0918164
110923,1.59828E+12,110923,5.0918164
110923,1.59828E+12,110923,5.0918164
110187,1.59829E+12,110187,24.856964
110187,1.59829E+12,110187,5.0918164
111133,1.59832E+12,111133,17.99
30483,1.59644E+12,30483,3.99
35010,1.59646E+12,35010,22.229025
35183,1.59652E+12,35183,3.99
50024,1.59682E+12,50024,3.99
115091,1.59838E+12,115091,4.655066
115091,1.59838E+12,115091,4.655066
115091,1.59839E+12,115091,4.655066
115150,1.59839E+12,115150,2.109609
115150,1.5984E+12,115150,4.151166
115091,1.59842E+12,115091,4.655066
60012,1.59689E+12,60012,5.1021147
60012,1.59697E+12,60012,5.0764537
70561,1.59707E+12,70561,3.99
75008,1.59721E+12,75008,5.0904703
75008,1.59738E+12,75008,5.0815334
75008,1.59738E+12,75008,5.0815334
75008,1.59756E+12,75008,5.0906506
75008,1.59756E+12,75008,5.0906506
40148,1.59801E+12,40148,34.99
40148,1.59801E+12,40148,9.99
110319,1.59812E+12,110319,3.99
110319,1.59812E+12,110319,3.99
110319,1.59814E+12,110319,3.99
110728,1.59822E+12,110728,1.99
110750,1.59823E+12,110750,4.64697
110869,1.59827E+12,110869,2.4739158
110938,1.59828E+12,110938,3.99
110938,1.59828E+12,110938,3.99
110938,1.59829E+12,110938,3.99
110938,1.59829E+12,110938,3.99
110938,1.59829E+12,110938,1.99
111010,1.5983E+12,111010,3.99
30170,1.59628E+12,30170,19.99
30419,1.59646E+12,30419,3.99
35193,1.59653E+12,35193,17.89795
30419,1.59657E+12,30419,3.99
40101,1.59664E+12,40101,17.99
40101,1.59664E+12,40101,19.99
40186,1.59669E+12,40186,22.236649
40186,1.5967E+12,40186,22.236649
40186,1.59673E+12,40186,22.295506
40186,1.59677E+12,40186,22.295506
40186,1.59678E+12,40186,22.295506
30075,1.59618E+12,30075,4.659722
30075,1.59621E+12,30075,20.096397
115106,1.59839E+12,115106,3.99
115106,1.59842E+12,115106,3.99
115280,1.59842E+12,115280,89.99
115280,1.59842E+12,115280,17.99
115106,1.59842E+12,115106,1.99
40023,1.59711E+12,40023,17.922781
110263,1.59818E+12,110263,5.0918164
110263,1.59818E+12,110263,5.0918164
110560,1.59819E+12,110560,17.99
110263,1.5982E+12,110263,5.0918164
110820,1.59825E+12,110820,4.64697
30283,1.59635E+12,30283,22.232021
30439,1.59642E+12,30439,3.99
40023,1.59659E+12,40023,17.917025
40023,1.5968E+12,40023,35.387768
105269,1.59787E+12,105269,34.99
105275,1.59844E+12,105275,17.99
70319,1.59695E+12,70319,17.99
70494,1.59703E+12,70494,3.99
95061,1.59746E+12,95061,1.99
95061,1.59746E+12,95061,3.99
95061,1.59746E+12,95061,3.99
100013,1.59776E+12,100013,2.4814742
105139,1.5978E+12,105139,4.6822658
105275,1.59786E+12,105275,3.99
105275,1.59786E+12,105275,19.99
105275,1.59786E+12,105275,3.99
105269,1.59787E+12,105269,34.99
105269,1.59787E+12,105269,3.99
105269,1.59787E+12,105269,9.99
105275,1.59793E+12,105275,3.99
105275,1.59797E+12,105275,3.99
105275,1.59797E+12,105275,1.99
110337,1.59812E+12,110337,3.99
110337,1.59812E+12,110337,3.99
110593,1.59819E+12,110593,19.99
110593,1.59819E+12,110593,17.99
95344,1.5982E+12,95344,34.99
40032,1.59656E+12,40032,3.99
40032,1.59656E+12,40032,3.99
40032,1.5966E+12,40032,3.99
40032,1.59682E+12,40032,19.99
40032,1.59682E+12,40032,17.99
15099,1.59598E+12,15099,1.99
20026,1.59605E+12,20026,3.99
115062,1.59838E+12,115062,3.99
115062,1.59838E+12,115062,3.99
115062,1.59838E+12,115062,3.99
115090,1.59838E+12,115090,5.096513
105634,1.59844E+12,105634,3.99
105634,1.59844E+12,105634,3.99
105634,1.59844E+12,105634,17.99
70084,1.59721E+12,70084,4.6559277
70084,1.59722E+12,70084,2.2885067
90041,1.59737E+12,90041,3.99
95052,1.59745E+12,95052,1.99
95052,1.59745E+12,95052,3.99
95052,1.59746E+12,95052,3.99
95198,1.59754E+12,95198,3.99
95214,1.59754E+12,95214,3.99
105010,1.59778E+12,105010,3.99
95052,1.59797E+12,95052,3.99
105597,1.59798E+12,105597,5.0939903
105597,1.59798E+12,105597,5.0939903
105597,1.59798E+12,105597,5.0939903
105597,1.59798E+12,105597,5.0939903
105597,1.59798E+12,105597,5.0939903
105634,1.59799E+12,105634,3.99
105597,1.59806E+12,105597,5.146796
105597,1.59806E+12,105597,5.146796
105597,1.59807E+12,105597,2.5006285
105597,1.59807E+12,105597,5.146796
105597,1.59807E+12,105597,2.5006285
105597,1.59807E+12,105597,5.146796
105634,1.5981E+12,105634,3.99
105634,1.5981E+12,105634,3.99
105634,1.5981E+12,105634,3.99
105634,1.5981E+12,105634,3.99
110221,1.59811E+12,110221,3.99
110221,1.59811E+12,110221,3.99
110221,1.59811E+12,110221,1.99
110221,1.59812E+12,110221,3.99
110221,1.59812E+12,110221,3.99
110221,1.59812E+12,110221,1.99
110221,1.59812E+12,110221,3.99
110221,1.59812E+12,110221,1.99
110221,1.59812E+12,110221,1.99
110221,1.59812E+12,110221,3.99
110508,1.59816E+12,110508,17.99
110673,1.59821E+12,110673,3.99
110673,1.59821E+12,110673,3.99
110673,1.59821E+12,110673,3.99
110673,1.59821E+12,110673,3.99
111048,1.5983E+12,111048,19.99
111048,1.59833E+12,111048,17.99
115062,1.59838E+12,115062,19.99
115062,1.59838E+12,115062,3.99
115062,1.59838E+12,115062,3.99
115062,1.59838E+12,115062,3.99
30225,1.59632E+12,30225,19.99
30225,1.59632E+12,30225,17.99
35041,1.59647E+12,35041,5.089518
20032,1.59656E+12,20032,5.0907435
20032,1.59656E+12,20032,5.0907435
70084,1.59684E+12,70084,4.682445
70084,1.59684E+12,70084,4.682445
30009,1.59687E+12,30009,3.99
80007,1.59716E+12,80007,2.4732618
80007,1.59716E+12,80007,2.4732618
90027,1.59737E+12,90027,3.99
90027,1.59737E+12,90027,3.99
95069,1.59746E+12,95069,17.99
90027,1.5976E+12,90027,3.99
95069,1.59761E+12,95069,3.99
95563,1.59775E+12,95563,5.107373
90027,1.59785E+12,90027,3.99
85079,1.59785E+12,85079,17.99
85079,1.59785E+12,85079,3.99
105117,1.59796E+12,105117,3.99
110073,1.59802E+12,110073,19.99
110073,1.59803E+12,110073,17.99
110073,1.59803E+12,110073,17.99
105117,1.59807E+12,105117,3.99
110824,1.59825E+12,110824,3.99
110765,1.59826E+12,110765,4.166777
40115,1.59659E+12,40115,3.99
40115,1.59659E+12,40115,17.99
40115,1.59661E+12,40115,1.99
40115,1.59661E+12,40115,3.99
40115,1.59661E+12,40115,3.99
40115,1.59665E+12,40115,17.99
40115,1.59665E+12,40115,17.99
65185,1.59681E+12,65185,3.99
65185,1.59681E+12,65185,17.99
65185,1.59681E+12,65185,1.99
65185,1.59681E+12,65185,3.99
40115,1.59683E+12,40115,3.99
40115,1.59683E+12,40115,3.99
90053,1.59738E+12,90053,3.99
90053,1.59739E+12,90053,3.99
95319,1.59761E+12,95319,17.99
95319,1.5977E+12,95319,1.99
40112,1.59771E+12,40112,17.99
95514,1.59773E+12,95514,3.99
40066,1.59777E+12,40066,3.99
40066,1.5978E+12,40066,3.99
40066,1.5979E+12,40066,19.99
40066,1.5979E+12,40066,17.99
40066,1.59791E+12,40066,3.99
40066,1.59791E+12,40066,3.99
40066,1.59791E+12,40066,3.99
40066,1.598E+12,40066,3.99
110051,1.59802E+12,110051,4.1692357
110051,1.59803E+12,110051,4.1692357
110051,1.59803E+12,110051,4.1692357
110460,1.59815E+12,110460,3.99
110474,1.59816E+12,110474,19.99
110474,1.59816E+12,110474,17.99
110460,1.59816E+12,110460,1.99
110685,1.59821E+12,110685,17.99
110685,1.59822E+12,110685,3.99
110850,1.59826E+12,110850,5.0918164
110850,1.59826E+12,110850,5.0918164
110850,1.59826E+12,110850,2.4739158
110850,1.59826E+12,110850,2.4739158
111100,1.59831E+12,111100,5.0918164
115063,1.59838E+12,115063,17.99
30305,1.59641E+12,30305,22.232021
30305,1.59641E+12,30305,22.232021
40112,1.59659E+12,40112,17.99
40181,1.59662E+12,40181,17.99
60008,1.59672E+12,60008,3.99
65081,1.59681E+12,65081,1.99
40112,1.59685E+12,40112,17.99
15059,1.59598E+12,15059,2.4340363
15059,1.59598E+12,15059,2.4340363
15129,1.596E+12,15129,1.99
20016,1.59603E+12,20016,4.6500764
20016,1.59603E+12,20016,4.6500764
115471,1.59846E+12,115471,24.87989
115471,1.59847E+12,115471,5.096513
70585,1.59707E+12,70585,3.99
95539,1.59773E+12,95539,3.99
95539,1.59782E+12,95539,3.99
105252,1.59785E+12,105252,3.99
105252,1.59785E+12,105252,17.99
105252,1.59785E+12,105252,1.99
105252,1.59786E+12,105252,3.99
105252,1.59786E+12,105252,3.99
105252,1.59793E+12,105252,3.99
105252,1.59793E+12,105252,3.99
105252,1.59793E+12,105252,17.99
105252,1.59793E+12,105252,1.99
110150,1.59807E+12,110150,3.99
110589,1.59819E+12,110589,4.64697
30182,1.59628E+12,30182,5.1082516
30182,1.59628E+12,30182,5.1082516
30182,1.59628E+12,30182,5.1082516
30182,1.59628E+12,30182,5.1082516
30182,1.59628E+12,30182,22.310846
30182,1.59628E+12,30182,2.4819012
30182,1.59629E+12,30182,22.310846
30182,1.59629E+12,30182,22.310846
30182,1.59629E+12,30182,2.4819012
30194,1.5963E+12,30194,3.99
30194,1.5963E+12,30194,3.99
30194,1.5963E+12,30194,3.99
30475,1.59644E+12,30475,3.99
70095,1.59685E+12,70095,3.99
70095,1.59685E+12,70095,9.99
70095,1.59685E+12,70095,3.99
70095,1.59685E+12,70095,3.99
70095,1.59685E+12,70095,17.99
20033,1.59605E+12,20033,17.99
20033,1.59611E+12,20033,1.99
115033,1.5984E+12,115033,3.99
115326,1.59843E+12,115326,3.99
115326,1.59843E+12,115326,3.99
115326,1.59843E+12,115326,3.99
115326,1.59843E+12,115326,3.99
115326,1.59843E+12,115326,3.99
115326,1.59843E+12,115326,1.99
115326,1.59843E+12,115326,3.99
115306,1.59843E+12,115306,3.99
115326,1.59843E+12,115326,3.99
115306,1.59843E+12,115306,3.99
115326,1.59843E+12,115326,3.99
115326,1.59843E+12,115326,3.99
111187,1.59843E+12,111187,3.99
30239,1.59632E+12,30239,19.99
30239,1.59632E+12,30239,17.99
30239,1.59633E+12,30239,17.99
30287,1.59635E+12,30287,24.849092
30287,1.59644E+12,30287,5.0902042
30287,1.59644E+12,30287,5.0902042
30287,1.59644E+12,30287,5.0902042
40107,1.59659E+12,40107,3.99
70196,1.59691E+12,70196,1.99
70196,1.59691E+12,70196,3.99
70196,1.59692E+12,70196,1.99
70196,1.59693E+12,70196,3.99
70559,1.59706E+12,70559,19.99
70559,1.59707E+12,70559,3.99
70559,1.59708E+12,70559,17.99
85028,1.59725E+12,85028,3.99
95368,1.59763E+12,95368,18.08178
95393,1.59765E+12,95393,17.99
95380,1.59768E+12,95380,3.99
95380,1.59768E+12,95380,3.99
95380,1.5977E+12,95380,3.99
95380,1.5977E+12,95380,3.99
95368,1.5978E+12,95368,4.1602945
105332,1.59788E+12,105332,4.1602945
105332,1.59788E+12,105332,18.179502
105332,1.59788E+12,105332,9.843758
105332,1.59788E+12,105332,18.179502
105332,1.59788E+12,105332,18.179502
105520,1.59794E+12,105520,19.99
105520,1.59794E+12,105520,17.99
110500,1.59816E+12,110500,3.99
110500,1.59816E+12,110500,3.99
110500,1.59816E+12,110500,3.99
110500,1.59817E+12,110500,17.99
110287,1.5982E+12,110287,20.0414
110500,1.59825E+12,110500,17.99
115033,1.59837E+12,115033,3.99
115033,1.59837E+12,115033,3.99
115407,1.59845E+12,115407,3.99
30137,1.59624E+12,30137,17.99
30137,1.5964E+12,30137,17.99
30477,1.59649E+12,30477,22.229025
30137,1.59649E+12,30137,17.99
65077,1.59676E+12,65077,4.134472
65077,1.59676E+12,65077,4.134472
65077,1.59676E+12,65077,4.134472
65077,1.59676E+12,65077,2.101125
65077,1.59676E+12,65077,4.134472
70142,1.5969E+12,70142,34.99
70142,1.5969E+12,70142,35.99
70142,1.59691E+12,70142,34.99
70252,1.59693E+12,70252,3.99
70252,1.59693E+12,70252,3.99
70252,1.59694E+12,70252,3.99
70142,1.59698E+12,70142,34.99
70428,1.59701E+12,70428,3.99
70428,1.59701E+12,70428,3.99
75013,1.59715E+12,75013,19.99
75013,1.59715E+12,75013,17.99
75013,1.59715E+12,75013,3.99
75013,1.59715E+12,75013,17.99
95289,1.59759E+12,95289,1.99
105582,1.59797E+12,105582,3.99
110135,1.59806E+12,110135,3.99
110172,1.59808E+12,110172,3.99
110172,1.59808E+12,110172,1.99
110172,1.59809E+12,110172,3.99
110135,1.59811E+12,110135,3.99
110289,1.59812E+12,110289,3.99
110289,1.59812E+12,110289,3.99
110468,1.59815E+12,110468,5.0918164
110940,1.59828E+12,110940,17.99
111250,1.59835E+12,111250,22.234407
111267,1.59835E+12,111267,5.09075
111267,1.59835E+12,111267,5.09075
111233,1.59838E+12,111233,24.87989
111233,1.59838E+12,111233,5.096513
111233,1.59843E+12,111233,5.096513
111233,1.59845E+12,111233,5.096513
50097,1.59702E+12,50097,3.99
90014,1.59736E+12,90014,3.99
105123,1.59779E+12,105123,2.4814742
105123,1.59779E+12,105123,22.307009
105123,1.59783E+12,105123,5.107373
105123,1.59784E+12,105123,22.307009
105123,1.59786E+12,105123,5.107373
105123,1.59788E+12,105123,22.307009
30154,1.59788E+12,30154,4.6822658
110012,1.59801E+12,110012,3.99
110012,1.59801E+12,110012,3.99
110054,1.59802E+12,110054,1.99
110012,1.59804E+12,110012,3.99
110617,1.5982E+12,110617,3.99
110892,1.59827E+12,110892,3.99
30204,1.5963E+12,30204,5.1082516
30417,1.59641E+12,30417,5.0902042
30422,1.59641E+12,30422,89.99
30417,1.59641E+12,30417,22.232021
30417,1.59642E+12,30417,2.4731324
30417,1.59642E+12,30417,22.232021
30417,1.59642E+12,30417,22.232021
65114,1.59677E+12,65114,1.99
115104,1.59839E+12,115104,17.99
110745,1.59843E+12,110745,5.096513
115369,1.59844E+12,115369,4.655066
115369,1.59844E+12,115369,4.655066
115369,1.59844E+12,115369,4.655066
65170,1.59681E+12,65170,4.6664896
70026,1.59682E+12,70026,3.99
70172,1.59689E+12,70172,3.99
70172,1.59689E+12,70172,3.99
70172,1.59689E+12,70172,17.99
70172,1.59689E+12,70172,1.99
70172,1.59689E+12,70172,3.99
65170,1.59689E+12,65170,4.6664896
90035,1.59737E+12,90035,4.1473556
95134,1.5975E+12,95134,5.078647
15024,1.59811E+12,15024,2.5006285
110648,1.5982E+12,110648,19.99
110648,1.59821E+12,110648,17.99
110660,1.59821E+12,110660,24.856964
110660,1.59821E+12,110660,5.0918164
110745,1.59823E+12,110745,5.0918164
110745,1.59823E+12,110745,2.4739158
110745,1.59823E+12,110745,2.4739158
110745,1.59823E+12,110745,2.4739158
110745,1.59823E+12,110745,2.4739158
111079,1.59831E+12,111079,5.0918164
70053,1.59692E+12,70053,17.99
70053,1.59693E+12,70053,1.99
70053,1.59701E+12,70053,3.99
70053,1.59701E+12,70053,3.99
70053,1.59703E+12,70053,3.99
95251,1.59757E+12,95251,2.4733493
80059,1.5976E+12,80059,4.137931
80059,1.5976E+12,80059,4.137931
95398,1.59766E+12,95398,5.0906506
95398,1.59774E+12,95398,5.097588
105043,1.59777E+12,105043,5.107373
105043,1.59777E+12,105043,5.107373
105043,1.59777E+12,105043,2.4814742
110014,1.59812E+12,110014,5.146796
110014,1.59812E+12,110014,5.146796
110014,1.59812E+12,110014,2.5006285
110014,1.59812E+12,110014,5.146796
110014,1.59812E+12,110014,5.146796
110646,1.59822E+12,110646,17.99
110646,1.59822E+12,110646,1.99
30384,1.59641E+12,30384,17.99
30384,1.59641E+12,30384,89.99
60025,1.59672E+12,60025,3.99
60025,1.59672E+12,60025,17.99
60025,1.59682E+12,60025,3.99
60025,1.59682E+12,60025,17.99
70053,1.59683E+12,70053,17.99
70053,1.59683E+12,70053,1.99
70053,1.59686E+12,70053,17.99
20043,1.5961E+12,20043,3.99
20043,1.59614E+12,20043,1.99
20043,1.5962E+12,20043,17.99
20043,1.5962E+12,20043,3.99
30115,1.59622E+12,30115,3.99
40093,1.59658E+12,40093,3.99
70461,1.59702E+12,70461,1.99
70461,1.59702E+12,70461,1.99
70461,1.59702E+12,70461,1.99
70573,1.59707E+12,70573,3.99
70573,1.59707E+12,70573,3.99
70573,1.59707E+12,70573,1.99
70573,1.59707E+12,70573,3.99
70573,1.59707E+12,70573,3.99
70573,1.59709E+12,70573,3.99
70573,1.59709E+12,70573,3.99
70573,1.5971E+12,70573,3.99
80112,1.59721E+12,80112,3.99
80112,1.59722E+12,80112,3.99
85049,1.59727E+12,85049,3.99
85113,1.5973E+12,85113,5.068107
85113,1.5973E+12,85113,5.068107
90037,1.59737E+12,90037,18.122963
80112,1.59727E+12,80112,17.99
80112,1.59738E+12,80112,17.99
95016,1.59743E+12,95016,4.150287
95016,1.59743E+12,95016,4.150287
95151,1.59751E+12,95151,3.99
95162,1.59752E+12,95162,17.99
95162,1.59752E+12,95162,17.99
105046,1.59777E+12,105046,17.99
95162,1.59813E+12,95162,17.99
110600,1.5982E+12,110600,17.99
111088,1.59831E+12,111088,3.99
111088,1.59831E+12,111088,17.99
111088,1.59831E+12,111088,3.99
111088,1.59831E+12,111088,9.99
115110,1.59839E+12,115110,3.99
115110,1.59839E+12,115110,3.99
115451,1.59846E+12,115451,17.99
85013,1.59724E+12,85013,17.99
45026,1.59724E+12,45026,1.99
85013,1.59726E+12,85013,19.99
85013,1.59726E+12,85013,17.99
85013,1.59726E+12,85013,17.99
85013,1.59726E+12,85013,3.99
30427,1.59741E+12,30427,3.99
30427,1.59741E+12,30427,3.99
30427,1.59743E+12,30427,3.99
30427,1.59743E+12,30427,1.99
30427,1.59743E+12,30427,3.99
30427,1.59744E+12,30427,1.99
30427,1.59745E+12,30427,3.99
105336,1.59788E+12,105336,5.107373
105336,1.59788E+12,105336,5.107373
105336,1.59788E+12,105336,22.307009
105336,1.59788E+12,105336,2.4814742
105336,1.59788E+12,105336,5.107373
105336,1.59788E+12,105336,5.107373
105336,1.5979E+12,105336,5.1514993
105336,1.59791E+12,105336,5.1514993
105336,1.59791E+12,105336,5.1514993
105336,1.59791E+12,105336,5.1514993
105336,1.59791E+12,105336,5.1514993
105336,1.59792E+12,105336,2.5029135
105336,1.59792E+12,105336,25.148321
105336,1.59792E+12,105336,5.1514993
105336,1.59792E+12,105336,5.1514993
105336,1.59792E+12,105336,2.5029135
105468,1.59792E+12,105468,5.1514993
105468,1.59792E+12,105468,5.1514993
105468,1.59792E+12,105468,5.1514993
105468,1.59792E+12,105468,2.5029135
105468,1.59792E+12,105468,5.1514993
105468,1.59793E+12,105468,5.1514993
105420,1.59799E+12,105420,1.99
110031,1.59801E+12,110031,5.146796
110105,1.59804E+12,110105,3.99
110105,1.59807E+12,110105,3.99
110467,1.59816E+12,110467,3.99
110467,1.59816E+12,110467,1.99
110467,1.59816E+12,110467,1.99
110467,1.59816E+12,110467,1.99
110105,1.59821E+12,110105,3.99
110836,1.59825E+12,110836,4.64697
30405,1.59641E+12,30405,1.99
40142,1.5966E+12,40142,1.99
45015,1.59664E+12,45015,3.99
45015,1.59664E+12,45015,3.99
45015,1.59664E+12,45015,17.99
45015,1.59664E+12,45015,9.99
45015,1.59664E+12,45015,17.99
45015,1.59665E+12,45015,17.99
45015,1.59665E+12,45015,17.99
40142,1.59679E+12,40142,3.99
20088,1.59614E+12,20088,3.99
20088,1.59615E+12,20088,3.99
20088,1.59622E+12,20088,17.99
70703,1.59712E+12,70703,4.1042185
70689,1.59718E+12,70689,19.99
70689,1.5972E+12,70689,17.99
70689,1.59721E+12,70689,3.99
110138,1.5981E+12,110138,19.99
110138,1.5981E+12,110138,3.99
20088,1.59813E+12,20088,17.99
110879,1.59827E+12,110879,5.0918164
110879,1.59827E+12,110879,22.239063
110777,1.5983E+12,110777,3.99
30320,1.59637E+12,30320,3.99
30320,1.59637E+12,30320,3.99
30320,1.59641E+12,30320,3.99
65024,1.59673E+12,65024,22.295506
65024,1.59674E+12,65024,24.92005
65024,1.59674E+12,65024,22.295506
65024,1.59674E+12,65024,22.295506
65024,1.59674E+12,65024,22.295506
30320,1.59675E+12,30320,3.99
30320,1.59675E+12,30320,3.99
30320,1.59685E+12,30320,3.99
30320,1.59686E+12,30320,3.99
115357,1.59844E+12,115357,5.096513
115357,1.59844E+12,115357,5.096513
115357,1.59844E+12,115357,22.259577
70501,1.59703E+12,70501,3.99
105345,1.59791E+12,105345,3.99
105345,1.59792E+12,105345,3.99
105345,1.59799E+12,105345,3.99
105345,1.59801E+12,105345,3.99
110555,1.59819E+12,110555,5.0918164
110555,1.59819E+12,110555,5.0918164
110718,1.59822E+12,110718,19.99
110718,1.59822E+12,110718,17.99
30019,1.59614E+12,30019,3.99
115237,1.59841E+12,115237,17.99
70729,1.59712E+12,70729,17.99
70729,1.59713E+12,70729,17.99
70729,1.59713E+12,70729,1.99
70729,1.59713E+12,70729,17.99
70729,1.59713E+12,70729,3.99
70729,1.59713E+12,70729,1.99
85046,1.59726E+12,85046,3.99
95320,1.59761E+12,95320,3.99
95320,1.59763E+12,95320,17.99
95320,1.59763E+12,95320,1.99
95369,1.59764E+12,95369,17.99
95320,1.59767E+12,95320,3.99
95369,1.59772E+12,95369,17.99
95320,1.5978E+12,95320,17.99
95369,1.59798E+12,95369,17.99
95369,1.59807E+12,95369,17.99
110390,1.59813E+12,110390,17.99
110637,1.5982E+12,110637,3.99
110516,1.5982E+12,110516,2.4739158
110637,1.5982E+12,110637,3.99
110637,1.59821E+12,110637,3.99
110637,1.59821E+12,110637,3.99
110952,1.59829E+12,110952,18.20783
111109,1.59831E+12,111109,3.99
115051,1.59838E+12,115051,4.151166
30314,1.59637E+12,30314,20.549007
30314,1.59638E+12,30314,2.3804755
30314,1.59638E+12,30314,20.549007
40011,1.59656E+12,40011,5.0907435
40011,1.59656E+12,40011,5.0907435
30019,1.59656E+12,30019,3.99
40011,1.59661E+12,40011,5.0907435
65073,1.59676E+12,65073,3.99
111279,1.5984E+12,111279,17.99
70370,1.59716E+12,70370,3.99
70370,1.59716E+12,70370,3.99
105299,1.59793E+12,105299,17.99
105299,1.59808E+12,105299,17.99
105299,1.59816E+12,105299,17.99
110811,1.59825E+12,110811,3.99
110970,1.5983E+12,110970,3.99
111119,1.59832E+12,111119,4.166777
40006,1.59655E+12,40006,24.851727
40006,1.59655E+12,40006,5.0907435
40006,1.59655E+12,40006,5.0907435
40006,1.59655E+12,40006,22.234379
40006,1.59655E+12,40006,22.234379
40006,1.59656E+12,40006,5.0907435
40006,1.59657E+12,40006,22.234379
40006,1.59657E+12,40006,5.0907435
30055,1.59617E+12,30055,3.99
30445,1.59694E+12,30445,3.99
70145,1.59695E+12,70145,3.99
70145,1.59695E+12,70145,1.99
70145,1.59696E+12,70145,1.99
70388,1.59699E+12,70388,3.99
70388,1.597E+12,70388,3.99
70388,1.597E+12,70388,3.99
70388,1.597E+12,70388,3.99
70388,1.597E+12,70388,1.99
70388,1.597E+12,70388,3.99
70388,1.597E+12,70388,3.99
70388,1.59701E+12,70388,3.99
30445,1.59745E+12,30445,3.99
95571,1.59774E+12,95571,3.99
95571,1.59777E+12,95571,89.99
105286,1.59786E+12,105286,5.107373
105521,1.59794E+12,105521,17.99
105521,1.59797E+12,105521,3.99
105521,1.59798E+12,105521,3.99
105286,1.59802E+12,105286,5.146796
105286,1.59802E+12,105286,2.5006285
105286,1.59802E+12,105286,5.146796
110279,1.59812E+12,110279,5.146796
110548,1.59818E+12,110548,5.0918164
110548,1.59818E+12,110548,5.0918164
110548,1.59818E+12,110548,5.0918164
110548,1.59819E+12,110548,22.239063
110548,1.5982E+12,110548,2.4739158
110548,1.5982E+12,110548,5.0918164
110548,1.59821E+12,110548,22.239063
105286,1.59836E+12,105286,5.09075
30445,1.59643E+12,30445,3.99
30445,1.59651E+12,30445,3.99
70145,1.59687E+12,70145,1.99
